<?xml version="1.0" encoding="UTF-8"?> 
<project>                                  
  <executable name="ATMega32_LIB.elf">                 
    <memory name="program">              
      <units>bytes</units>                 
      <length>32768</length>                 
      <used>164</used>                     
      <free>32604</free>                     
    </memory>                              
    <memory name="data">                 
      <units>bytes</units>                 
      <length>2048</length>                 
      <used>0</used>                     
      <free>2048</free>                     
    </memory>                              
  </executable>                            
</project>                                 
